id,name
1,Odis Lauria
2,Sonny Flemming
3,Jarrett Flinn
4,Liz Cargile
5,Wai Smathers
6,Marcela Naccarato
7,Bruna Frasure
8,Carley Berardi
9,Nannette Transue
10,Hayley Twomey
11,Hillary Oviatt
12,Cori Sowell
13,Rosamaria Rott
14,Lonna Spier
15,Roy Egnor
16,Birdie Stahly
17,Arnulfo Burghart
18,Marcos Murga
19,An Yazzie
20,Jayson Parmelee
21,Tara Tessier
22,Nikole Vida
23,Lachelle Dewall
24,Minh Olson
25,Venice Clepper
26,Mirtha Bahena
27,Maxine Elie
28,Ali Hudman
29,Dolores Crupi
30,Lise Michaelis
31,Loree Bowlin
32,Elnora Mair
33,Rubin Swicegood
34,Lamont Marion
35,Reyes Rathbun
36,Ken Muth
37,Merlene Villagrana
38,Luciana Gholson
39,Anette Patout
40,Keva Arpin
41,Brenna Gutter
42,Christy Launius
43,Lashaun Primm
44,Temeka Behne
45,Quinn Sawin
46,Le Moles
47,Lena Bourassa
48,Tonette Dube
49,Edwina Bensen
50,Vincent Sommer
51,Tess Likes
52,Su Bakley
53,Rolland Schaaf
54,Mora Blom
55,Samual Titus
56,Lakenya Ormsby
57,Palmira Norton
58,Andrew Svoboda
59,Arlie Dressler
60,Brandie Lukasiewicz
61,Delisa Gaylord
62,Bart Latorre
63,Dania Harland
64,Sari Rocheleau
65,Thomasena Podkowka
66,Donita Kasprzak
67,Ying Parchman
68,Fabiola Whitelow
69,Shizuko Keech
70,Winifred Aslinger
71,Bettie Palladino
72,Trisha Longacre
73,Cyndi Hartranft
74,Kaleigh Yeater
75,Kristin Geronimo
76,Freida Bird
77,Lizzette Styron
78,Love Longway
79,Mikaela Hosein
80,Karolyn Minnifield
81,Trenton Metcalf
82,Letisha Stilts
83,Myles Krone
84,Tenisha Thor
85,Jordon Shropshire
86,Lenita Hamm
87,Orpha Huntsman
88,Ginny Flagg
89,Keitha Isham
90,Eladia Studdard
91,Gilma Jenny
92,Leonarda Ingham
93,Soledad Branam
94,Lamont Viruet
95,Francesco Labonte
96,Alonzo Charters
97,Hilario Jong
98,Rosemary Haddox
99,Jarred Crandell
100,Earlie Galloway
